,Unnamed: 0,ano,data_eleicao,id_municipio,nome_urna,sigla_partido,idade,genero,raca,Resultado
0,0,2024,2024-10-06,2611606,Abel Filho,MOBILIZA,55,masculino,parda,Não foi eleito
1,1,2024,2024-10-06,2611606,Adalice De Adilson Bito,PRD,30,feminino,preta,Não foi eleito
2,2,2024,2024-10-06,2611606,Adeilda Barros,REDE,65,feminino,parda,Não foi eleito
3,3,2024,2024-10-06,2611606,Adelmo Sto Amaro,AVANTE,40,masculino,preta,Não foi eleito
4,4,2024,2024-10-06,2611606,Aderaldo Pinto,PSB,59,masculino,branca,Eleito
5,5,2024,2024-10-06,2611606,Aderbal Pontes,MOBILIZA,59,masculino,branca,Não foi eleito
6,6,2024,2024-10-06,2611606,Adri Uchoa,AVANTE,51,feminino,parda,Não foi eleito
7,7,2024,2024-10-06,2611606,Adriana Vigilante,NOVO,50,feminino,parda,Não foi eleito
8,8,2024,2024-10-06,2611606,Adriano Bombeiro,DC,47,masculino,branca,Não foi eleito
9,9,2024,2024-10-06,2611606,Adriano Planeta De Deus,AVANTE,40,masculino,parda,Não foi eleito
10,10,2024,2024-10-06,2611606,Aecio Kibiriba,MOBILIZA,60,masculino,branca,Não foi eleito
11,11,2024,2024-10-06,2611606,Afonso Que Faz,MDB,59,masculino,parda,Não foi eleito
12,12,2024,2024-10-06,2611606,Agenor Da Água,CIDADANIA,53,masculino,branca,Não foi eleito
13,13,2024,2024-10-06,2611606,Agora É Rubem,PSB,42,masculino,preta,Não foi eleito
14,14,2024,2024-10-06,2611606,Aidé Batista,PL,64,feminino,branca,Não foi eleito
15,15,2024,2024-10-06,2611606,Ailce Moreira,PSOL,38,feminino,preta,Não foi eleito
16,16,2024,2024-10-06,2611606,Alan Kardec,PT,60,masculino,preta,Não foi eleito
17,17,2024,2024-10-06,2611606,Alcides Cardoso,PL,55,masculino,branca,Não foi eleito
18,18,2024,2024-10-06,2611606,Alcides Teixeira Neto,AVANTE,51,masculino,parda,Eleito
19,19,2024,2024-10-06,2611606,Aldi Cabral,PSD,56,feminino,preta,Não foi eleito
20,20,2024,2024-10-06,2611606,Alef Collins,PP,22,masculino,parda,Eleito
21,21,2024,2024-10-06,2611606,Alexandre Carvalho,NOVO,69,masculino,branca,Não foi eleito
22,22,2024,2024-10-06,2611606,Alexsandra Lima,MDB,45,feminino,parda,Não foi eleito
23,23,2024,2024-10-06,2611606,Aline Mariano,PSB,49,feminino,branca,Não foi eleito
24,24,2024,2024-10-06,2611606,Almir De Biriba,AVANTE,52,masculino,parda,Não foi eleito
25,25,2024,2024-10-06,2611606,Almir Fernando,PSB,58,masculino,branca,Não foi eleito
26,26,2024,2024-10-06,2611606,Alonso Ferreira,PV,55,masculino,preta,Não foi eleito
27,27,2024,2024-10-06,2611606,Altair Ferreira,PRD,48,masculino,branca,Não foi eleito
28,28,2024,2024-10-06,2611606,Altamiza Da Favela,PC do B,41,feminino,preta,Não foi eleito
29,29,2024,2024-10-06,2611606,Anastacia De Sá,PSD,28,feminino,parda,Não foi eleito
30,30,2024,2024-10-06,2611606,Andre Regis,PSD,57,masculino,branca,Não foi eleito
31,31,2024,2024-10-06,2611606,Andre Serralheiro Filho,NOVO,43,masculino,parda,Não foi eleito
32,32,2024,2024-10-06,2611606,Andreina Bianka,AVANTE,24,feminino,parda,Não foi eleito
33,33,2024,2024-10-06,2611606,Andreza Romero,PSB,29,feminino,branca,Não foi eleito
34,34,2024,2024-10-06,2611606,Andreza Salvador,PSD,35,feminino,preta,Não foi eleito
35,35,2024,2024-10-06,2611606,André Campos,PT,66,masculino,branca,Não foi eleito
36,36,2024,2024-10-06,2611606,Andréa Costa,PSD,56,feminino,branca,Não foi eleito
37,37,2024,2024-10-06,2611606,Ane Ebrahim,PSD,50,feminino,branca,Não foi eleito
38,38,2024,2024-10-06,2611606,Anna Paula Coletivo Enfermagem,MOBILIZA,57,feminino,branca,Não foi eleito
39,39,2024,2024-10-06,2611606,Anna Viana,PRD,60,feminino,parda,Não foi eleito
40,40,2024,2024-10-06,2611606,Antonio Luiz Neto,PSD,68,masculino,branca,Não foi eleito
41,41,2024,2024-10-06,2611606,Arnaldo Monteiro,AVANTE,65,masculino,preta,Não foi eleito
42,42,2024,2024-10-06,2611606,Aurineque Filho,SOLIDARIEDADE,25,masculino,parda,Não foi eleito
43,43,2024,2024-10-06,2611606,Badizinho,MDB,35,masculino,parda,Não foi eleito
44,44,2024,2024-10-06,2611606,Becinha,NOVO,37,masculino,branca,Não foi eleito
45,45,2024,2024-10-06,2611606,Belo Belo,PRD,52,masculino,branca,Não foi eleito
46,46,2024,2024-10-06,2611606,Belo Belo Da Bomba,CIDADANIA,53,masculino,parda,Não foi eleito
47,47,2024,2024-10-06,2611606,Benjamim Da Saúde,DC,50,masculino,branca,Não foi eleito
48,48,2024,2024-10-06,2611606,Bergue Junior,MDB,36,masculino,parda,Não foi eleito
49,49,2024,2024-10-06,2611606,Beto Gás,DC,50,masculino,branca,Não foi eleito
50,50,2024,2024-10-06,2611606,Bira Da Universo,PSD,60,masculino,parda,Não foi eleito
51,51,2024,2024-10-06,2611606,Bispa Jacimara,MDB,58,feminino,branca,Não foi eleito
52,52,2024,2024-10-06,2611606,Bolinha,PP,51,masculino,parda,Não foi eleito
53,53,2024,2024-10-06,2611606,Bombom,MDB,27,feminino,preta,Não foi eleito
54,54,2024,2024-10-06,2611606,Branca Durvanice,CIDADANIA,54,feminino,branca,Não foi eleito
55,55,2024,2024-10-06,2611606,Bruna Karina,MDB,32,feminino,parda,Não foi eleito
56,56,2024,2024-10-06,2611606,Bruna Paes Barreto,REPUBLICANOS,32,feminino,branca,Não foi eleito
57,57,2024,2024-10-06,2611606,Brunessa Sedutora,PSB,28,feminino,parda,Não foi eleito
58,58,2024,2024-10-06,2611606,Bruno Oliveira,PP,30,masculino,parda,Não foi eleito
59,59,2024,2024-10-06,2611606,Bruno Pantoja,REDE,48,masculino,branca,Não foi eleito
60,60,2024,2024-10-06,2611606,Cabo Aenia,PL,44,feminino,parda,Não foi eleito
61,61,2024,2024-10-06,2611606,Cabo Samuel,AVANTE,59,masculino,preta,Não foi eleito
62,62,2024,2024-10-06,2611606,Caio Eduardo,PL,59,masculino,branca,Não foi eleito
63,63,2024,2024-10-06,2611606,Caio Marx,PSTU,22,masculino,preta,Não foi eleito
64,64,2024,2024-10-06,2611606,Cal Do Picolé,PRD,31,feminino,parda,Não foi eleito
65,65,2024,2024-10-06,2611606,Caliope Monteiro,PL,60,masculino,parda,Não foi eleito
66,66,2024,2024-10-06,2611606,Cap Salas,NOVO,61,masculino,branca,Não foi eleito
67,67,2024,2024-10-06,2611606,Carla Pinheiro,NOVO,47,feminino,parda,Não foi eleito
68,68,2024,2024-10-06,2611606,Carlos Alberto,DC,56,masculino,parda,Não foi eleito
69,69,2024,2024-10-06,2611606,Carlos Muniz,PSB,58,masculino,branca,Eleito
70,70,2024,2024-10-06,2611606,Carlão Da Saúde,MOBILIZA,44,masculino,preta,Não foi eleito
71,71,2024,2024-10-06,2611606,Carmem De Areias,PL,53,feminino,preta,Não foi eleito
72,72,2024,2024-10-06,2611606,Carmem Dolores,PSOL,65,feminino,preta,Não foi eleito
73,73,2024,2024-10-06,2611606,Carol Vergolino,PSOL,46,feminino,branca,Não foi eleito
74,74,2024,2024-10-06,2611606,Cassiano Bezerra,UP,25,masculino,branca,Não foi eleito
75,75,2024,2024-10-06,2611606,Cassio Cavalcante,MOBILIZA,58,masculino,branca,Não foi eleito
76,76,2024,2024-10-06,2611606,Ceará Das Praias,PSDB,45,masculino,branca,Não foi eleito
77,77,2024,2024-10-06,2611606,Celso Rodrigues,PSD,59,masculino,parda,Não foi eleito
78,78,2024,2024-10-06,2611606,Cenira Da Saúde,AVANTE,47,feminino,branca,Não foi eleito
79,79,2024,2024-10-06,2611606,Charles Lucena,PSD,57,masculino,branca,Não foi eleito
80,80,2024,2024-10-06,2611606,Chico Kiko,PSB,59,masculino,branca,Eleito
81,81,2024,2024-10-06,2611606,China,PSDB,38,masculino,parda,Não foi eleito
82,82,2024,2024-10-06,2611606,Cibelle Albuquerque,MDB,42,feminino,preta,Não foi eleito
83,83,2024,2024-10-06,2611606,Cicero Almeida,PRD,59,masculino,branca,Não foi eleito
84,84,2024,2024-10-06,2611606,Cicero Carlos,CIDADANIA,52,masculino,parda,Não foi eleito
85,85,2024,2024-10-06,2611606,Cida Pedrosa,PC do B,61,feminino,branca,Eleito
86,86,2024,2024-10-06,2611606,Cintia Costa,PP,42,feminino,parda,Não foi eleito
87,87,2024,2024-10-06,2611606,Claudia Araujo,MOBILIZA,45,feminino,preta,Não foi eleito
88,88,2024,2024-10-06,2611606,Cleidjane Da Enfermagem,PL,55,feminino,preta,Não foi eleito
89,89,2024,2024-10-06,2611606,Cleiton Miguel Fonoaudiologo,NOVO,53,masculino,branca,Não foi eleito
90,90,2024,2024-10-06,2611606,Cleto Correia,MDB,57,masculino,parda,Não foi eleito
91,91,2024,2024-10-06,2611606,Cláudio Mendonça,MDB,44,masculino,parda,Não foi eleito
92,92,2024,2024-10-06,2611606,Comissária Patrícia Ferreira,AVANTE,40,feminino,branca,Não foi eleito
93,93,2024,2024-10-06,2611606,Coronel Claudia,MDB,53,feminino,parda,Não foi eleito
94,94,2024,2024-10-06,2611606,Coronel Pacífico,MDB,52,masculino,parda,Não foi eleito
95,95,2024,2024-10-06,2611606,Coronel Paulo Matos,PL,53,masculino,branca,Não foi eleito
96,96,2024,2024-10-06,2611606,Crislainy Fabricio,AVANTE,27,feminino,parda,Não foi eleito
97,97,2024,2024-10-06,2611606,Cândida Bomfim,PSB,61,feminino,branca,Não foi eleito
98,98,2024,2024-10-06,2611606,Céu Albuquerque,PV,34,feminino,parda,Não foi eleito
99,99,2024,2024-10-06,2611606,Có Do Povo,REPUBLICANOS,40,masculino,branca,Não foi eleito
100,100,2024,2024-10-06,2611606,Dalva De Jesus,PL,76,feminino,preta,Não foi eleito
101,101,2024,2024-10-06,2611606,Dani Dias,PSD,32,feminino,parda,Não foi eleito
102,102,2024,2024-10-06,2611606,Dani Gusmão,AVANTE,49,feminino,branca,Não foi eleito
103,103,2024,2024-10-06,2611606,Dani Mello,PC do B,50,feminino,branca,Não foi eleito
104,104,2024,2024-10-06,2611606,Daniel Tié,AVANTE,58,masculino,parda,Não foi eleito
105,105,2024,2024-10-06,2611606,Daniel Uchôa,REPUBLICANOS,42,masculino,branca,Não foi eleito
106,106,2024,2024-10-06,2611606,Dario Pessoa,PRD,55,masculino,parda,Não foi eleito
107,107,2024,2024-10-06,2611606,Davi Muniz,PSD,43,masculino,parda,Eleito
108,108,2024,2024-10-06,2611606,Dayse Brandão,PSDB,61,feminino,parda,Não foi eleito
109,109,2024,2024-10-06,2611606,Dayse Helena ,MOBILIZA,55,feminino,branca,Não foi eleito
110,110,2024,2024-10-06,2611606,Debora Moura,NOVO,43,feminino,parda,Não foi eleito
111,111,2024,2024-10-06,2611606,Deborah Leite,NOVO,34,feminino,parda,Não foi eleito
112,112,2024,2024-10-06,2611606,Deivinho Dantas,PRD,35,masculino,parda,Não foi eleito
113,113,2024,2024-10-06,2611606,Delegada Tereza Nogueira,NOVO,46,feminino,preta,Não foi eleito
114,114,2024,2024-10-06,2611606,Derley Chagas,MDB,43,masculino,preta,Não foi eleito
115,115,2024,2024-10-06,2611606,Dilson Batista,AVANTE,45,masculino,preta,Não foi eleito
116,116,2024,2024-10-06,2611606,Dinha De Saramandaia,PC do B,54,feminino,preta,Não foi eleito
117,117,2024,2024-10-06,2611606,Diácono Ronaldo,PSD,47,masculino,branca,Não foi eleito
118,118,2024,2024-10-06,2611606,Djyjo Do Ibura,CIDADANIA,50,masculino,parda,Não foi eleito
119,119,2024,2024-10-06,2611606,Doduel Varela,PSD,61,masculino,branca,Não foi eleito
120,120,2024,2024-10-06,2611606,Domingos Sávio,PT,57,masculino,branca,Não foi eleito
121,121,2024,2024-10-06,2611606,Dona Léo,PRD,71,feminino,parda,Não foi eleito
122,122,2024,2024-10-06,2611606,Dona Val Dos Direitos Humanos,AVANTE,70,feminino,branca,Não foi eleito
123,123,2024,2024-10-06,2611606,Douglas Brito Ativista,AVANTE,32,masculino,preta,Não foi eleito
124,124,2024,2024-10-06,2611606,Douglas Pessoa,AVANTE,44,masculino,parda,Não foi eleito
125,125,2024,2024-10-06,2611606,Dr  Stênio,PSD,59,masculino,branca,Não foi eleito
126,126,2024,2024-10-06,2611606,Dr Ari Dutra,PRD,59,masculino,parda,Não foi eleito
127,127,2024,2024-10-06,2611606,Dr Eduardo Miranda,NOVO,67,masculino,branca,Não foi eleito
128,128,2024,2024-10-06,2611606,Dr Penha,PRD,63,masculino,branca,Não foi eleito
129,129,2024,2024-10-06,2611606,Dr Tiago Lima,PL,43,masculino,parda,Não foi eleito
130,130,2024,2024-10-06,2611606,Dr. Elcio Cavalcanti,DC,63,masculino,branca,Não foi eleito
131,131,2024,2024-10-06,2611606,Dr. Robson Viana,DC,60,masculino,parda,Não foi eleito
132,132,2024,2024-10-06,2611606,Dr. Rogerio Lucca,PP,71,masculino,branca,Não foi eleito
133,133,2024,2024-10-06,2611606,Dra Carol Messias,NOVO,42,feminino,parda,Não foi eleito
134,134,2024,2024-10-06,2611606,Dra Roberta Virgínia,PSD,53,feminino,preta,Não foi eleito
135,135,2024,2024-10-06,2611606,Dra Vera Lopes,PSB,74,feminino,branca,Não foi eleito
136,136,2024,2024-10-06,2611606,Dra. Thais Azevedo,DC,34,feminino,branca,Não foi eleito
137,137,2024,2024-10-06,2611606,Driane Julia,PSD,35,feminino,branca,Não foi eleito
138,138,2024,2024-10-06,2611606,Drica Do Povo,MOBILIZA,51,feminino,parda,Não foi eleito
139,139,2024,2024-10-06,2611606,Duda Santos,PSD,27,feminino,parda,Não foi eleito
140,140,2024,2024-10-06,2611606,Déa De Paula,PSD,35,feminino,branca,Não foi eleito
141,141,2024,2024-10-06,2611606,Ebinho Florencio,REDE,33,masculino,branca,Não foi eleito
142,142,2024,2024-10-06,2611606,Edileuza Sobreira,PL,60,feminino,branca,Não foi eleito
143,143,2024,2024-10-06,2611606,Edivaldo Valentin,MOBILIZA,72,masculino,branca,Não foi eleito
144,144,2024,2024-10-06,2611606,Edmar De Oliveira,DC,65,masculino,branca,Não foi eleito
145,145,2024,2024-10-06,2611606,Edna Rodrigues,NOVO,57,feminino,parda,Não foi eleito
146,146,2024,2024-10-06,2611606,Edson Otica,NOVO,50,masculino,branca,Não foi eleito
147,147,2024,2024-10-06,2611606,Eduardo Amancio,REPUBLICANOS,41,masculino,branca,Não foi eleito
148,148,2024,2024-10-06,2611606,Eduardo Campelo,PRD,54,masculino,parda,Não foi eleito
149,149,2024,2024-10-06,2611606,Eduardo Inojosa,NOVO,28,masculino,branca,Não foi eleito
150,150,2024,2024-10-06,2611606,Eduardo Marques,PSB,56,masculino,branca,Não foi eleito
151,151,2024,2024-10-06,2611606,Eduardo Mota,PSB,31,masculino,branca,Eleito
152,152,2024,2024-10-06,2611606,Eduardo Moura,NOVO,45,masculino,branca,Eleito
153,153,2024,2024-10-06,2611606,Eduardo Paysan,PSOL,46,masculino,branca,Não foi eleito
154,154,2024,2024-10-06,2611606,Eduardo Vila Nova,NOVO,52,masculino,parda,Não foi eleito
155,155,2024,2024-10-06,2611606,Edvaldo Comerciante,MOBILIZA,54,masculino,preta,Não foi eleito
156,156,2024,2024-10-06,2611606,Edvaldo Júnior,PSOL,19,masculino,parda,Não foi eleito
157,157,2024,2024-10-06,2611606,Egre Guerra,DC,55,feminino,branca,Não foi eleito
158,158,2024,2024-10-06,2611606,Elaine Cristina,PSOL,42,feminino,preta,Não foi eleito
159,159,2024,2024-10-06,2611606,Elba Santos,PP,51,feminino,preta,Não foi eleito
160,160,2024,2024-10-06,2611606,Elias Santos,REDE,55,masculino,parda,Não foi eleito
161,161,2024,2024-10-06,2611606,Ellinsson Rodoviário,PSD,56,masculino,preta,Não foi eleito
162,162,2024,2024-10-06,2611606,Ellis Mendonca,NOVO,45,feminino,parda,Não foi eleito
163,163,2024,2024-10-06,2611606,Elson Ótica,MDB,45,masculino,parda,Não foi eleito
164,164,2024,2024-10-06,2611606,Elton Pereira,MOBILIZA,41,masculino,preta,Não foi eleito
165,165,2024,2024-10-06,2611606,Emerson Lardião,PSDB,37,masculino,branca,Não foi eleito
166,166,2024,2024-10-06,2611606,Engenheiro Fred Brennand,PRD,45,masculino,branca,Não foi eleito
167,167,2024,2024-10-06,2611606,Eriberto Rafael,PSB,36,masculino,branca,Eleito
168,168,2024,2024-10-06,2611606,Erika Suruagy,PT,47,feminino,parda,Não foi eleito
169,169,2024,2024-10-06,2611606,Ernando Coloia,AVANTE,34,masculino,preta,Não foi eleito
170,170,2024,2024-10-06,2611606,Euma Leônidas,PP,66,feminino,parda,Não foi eleito
171,171,2024,2024-10-06,2611606,Eunice Melo,MOBILIZA,54,feminino,branca,Não foi eleito
172,172,2024,2024-10-06,2611606,Expedito Filho,NOVO,32,masculino,branca,Não foi eleito
173,173,2024,2024-10-06,2611606,Fabiano Ferraz,MDB,44,masculino,branca,Eleito
174,174,2024,2024-10-06,2611606,Fabio Terra Samba,PC do B,43,masculino,parda,Não foi eleito
175,175,2024,2024-10-06,2611606,Felipe Alecrim,NOVO,43,masculino,branca,Eleito
176,176,2024,2024-10-06,2611606,Felipe Coco,NOVO,40,masculino,preta,Não foi eleito
177,177,2024,2024-10-06,2611606,Felipe Francismar,PSB,36,masculino,branca,Eleito
178,178,2024,2024-10-06,2611606,Fernanda Patricia,REPUBLICANOS,53,feminino,preta,Não foi eleito
179,179,2024,2024-10-06,2611606,Fernando Lima,DC,66,masculino,branca,Não foi eleito
180,180,2024,2024-10-06,2611606,Fernando Santos,PRD,54,masculino,branca,Não foi eleito
181,181,2024,2024-10-06,2611606,Fia Da Ong,PSD,43,feminino,parda,Não foi eleito
182,182,2024,2024-10-06,2611606,Fio,PSD,41,masculino,preta,Não foi eleito
183,183,2024,2024-10-06,2611606,Flávia De Nadegi,PV,34,feminino,branca,Não foi eleito
184,184,2024,2024-10-06,2611606,Flávio Galego,PP,45,masculino,branca,Não foi eleito
185,185,2024,2024-10-06,2611606,Francis Herbert,PC do B,52,masculino,preta,Não foi eleito
186,186,2024,2024-10-06,2611606,Fred Ferreira,PL,47,masculino,parda,Eleito
187,187,2024,2024-10-06,2611606,Fred Filho,PL,59,masculino,branca,Não foi eleito
188,188,2024,2024-10-06,2611606,Fred Uchoa,NOVO,44,masculino,parda,Não foi eleito
189,189,2024,2024-10-06,2611606,Fubá,PSOL,40,masculino,preta,Não foi eleito
190,190,2024,2024-10-06,2611606,Fábio Gomes,MDB,41,masculino,branca,Não foi eleito
191,191,2024,2024-10-06,2611606,Fátima Mendes,PSDB,68,feminino,branca,Não foi eleito
192,192,2024,2024-10-06,2611606,Gabriel Barreto Campello,NOVO,39,masculino,branca,Não foi eleito
193,193,2024,2024-10-06,2611606,George Bastos,NOVO,25,masculino,branca,Não foi eleito
194,194,2024,2024-10-06,2611606,Geraldo Rocha,PRD,72,masculino,parda,Não foi eleito
195,195,2024,2024-10-06,2611606,Geraldo Tavares Gt,REPUBLICANOS,60,masculino,branca,Não foi eleito
196,196,2024,2024-10-06,2611606,Germana Lacerda,PSB,51,feminino,branca,Não foi eleito
197,197,2024,2024-10-06,2611606,Gessica Almeida,NOVO,42,feminino,parda,Não foi eleito
198,198,2024,2024-10-06,2611606,Gil Tércio,PP,44,feminino,parda,Não foi eleito
199,199,2024,2024-10-06,2611606,Gilberto Alves,PRD,59,masculino,parda,Eleito
200,200,2024,2024-10-06,2611606,Gilsinho Resenha Juntos,PRD,51,masculino,parda,Não foi eleito
201,201,2024,2024-10-06,2611606,Gilson Machado Filho,PL,26,masculino,branca,Eleito
202,202,2024,2024-10-06,2611606,Giroldo,PSB,64,masculino,preta,Não foi eleito
203,203,2024,2024-10-06,2611606,Goretti Queiroz,REPUBLICANOS,63,feminino,branca,Não foi eleito
204,204,2024,2024-10-06,2611606,Gracinha Almeida,PSB,60,feminino,preta,Não foi eleito
205,205,2024,2024-10-06,2611606,Graça Vasconcelos Pelo Verde,PV,72,feminino,branca,Não foi eleito
206,206,2024,2024-10-06,2611606,Guarda Gentileza,MDB,61,masculino,branca,Não foi eleito
207,207,2024,2024-10-06,2611606,Guilherme Xisto,REPUBLICANOS,43,masculino,branca,Não foi eleito
208,208,2024,2024-10-06,2611606,Henrique Conde,REPUBLICANOS,69,masculino,branca,Não foi eleito
209,209,2024,2024-10-06,2611606,Henrique Roberto,PRD,38,masculino,parda,Não foi eleito
210,210,2024,2024-10-06,2611606,Hildeberto Junior,PSD,54,masculino,parda,Não foi eleito
211,211,2024,2024-10-06,2611606,Hilton Ribeiro,NOVO,65,masculino,branca,Não foi eleito
212,212,2024,2024-10-06,2611606,Hosana Jane,PP,55,feminino,preta,Não foi eleito
213,213,2024,2024-10-06,2611606,Hélio Guabiraba,PSB,65,masculino,parda,Eleito
214,214,2024,2024-10-06,2611606,Idelvar Vavá,DC,58,masculino,branca,Não foi eleito
215,215,2024,2024-10-06,2611606,Igor A Voz Do Povo,PL,47,masculino,parda,Não foi eleito
216,216,2024,2024-10-06,2611606,Irmã Angelica,DC,43,feminino,branca,Não foi eleito
217,217,2024,2024-10-06,2611606,Irmã Fatima Chagas,MOBILIZA,64,feminino,branca,Não foi eleito
218,218,2024,2024-10-06,2611606,Irmã Jailza,MDB,54,feminino,parda,Não foi eleito
219,219,2024,2024-10-06,2611606,Irmã Juninha,PSD,52,feminino,preta,Não foi eleito
220,220,2024,2024-10-06,2611606,Irmã Neide,AVANTE,54,feminino,branca,Não foi eleito
221,221,2024,2024-10-06,2611606,Irmã Socorro,AVANTE,60,feminino,parda,Não foi eleito
222,222,2024,2024-10-06,2611606,Irmã Vânia,PL,46,feminino,parda,Não foi eleito
223,223,2024,2024-10-06,2611606,Irmã Zélia Nery,REPUBLICANOS,70,feminino,preta,Não foi eleito
224,224,2024,2024-10-06,2611606,Irmão Eduardo Caetano,MOBILIZA,51,masculino,branca,Não foi eleito
225,225,2024,2024-10-06,2611606,Irmão Josué,REPUBLICANOS,55,masculino,branca,Não foi eleito
226,226,2024,2024-10-06,2611606,Irmão Luciano Do Valle,REPUBLICANOS,42,masculino,branca,Não foi eleito
227,227,2024,2024-10-06,2611606,Irmão Magno,AVANTE,41,masculino,parda,Não foi eleito
228,228,2024,2024-10-06,2611606,Irmão Mailton,PL,56,masculino,parda,Não foi eleito
229,229,2024,2024-10-06,2611606,Irmão Nado,PL,55,masculino,preta,Não foi eleito
230,230,2024,2024-10-06,2611606,Irmão Paulo,AVANTE,54,masculino,parda,Não foi eleito
231,231,2024,2024-10-06,2611606,Irmão Valmir ,MOBILIZA,62,masculino,preta,Não foi eleito
232,232,2024,2024-10-06,2611606,Israel Vaz O Amigo Que Faz,REPUBLICANOS,57,masculino,branca,Não foi eleito
233,233,2024,2024-10-06,2611606,Ivo Do Armazem,MDB,48,masculino,parda,Não foi eleito
234,234,2024,2024-10-06,2611606,Ivonete Nanete,MDB,69,feminino,branca,Não foi eleito
235,235,2024,2024-10-06,2611606,Izaias Bahia,PSOL,57,masculino,preta,Não foi eleito
236,236,2024,2024-10-06,2611606,Jacques Ribemboim,PSD,64,masculino,branca,Não foi eleito
237,237,2024,2024-10-06,2611606,Jairo Metódio,PP,55,masculino,preta,Não foi eleito
238,238,2024,2024-10-06,2611606,Jaiza Metódio,MDB,58,feminino,preta,Não foi eleito
239,239,2024,2024-10-06,2611606,Jame,PP,42,masculino,parda,Não foi eleito
240,240,2024,2024-10-06,2611606,Janailson Ferreira Da Silva,NOVO,41,masculino,parda,Não foi eleito
241,241,2024,2024-10-06,2611606,Janaina Nanai,REPUBLICANOS,42,feminino,amarela,Não foi eleito
242,242,2024,2024-10-06,2611606,Jaqueline (Mô),PRD,45,feminino,parda,Não foi eleito
243,243,2024,2024-10-06,2611606,Jaqueline Azevedo,MOBILIZA,48,feminino,parda,Não foi eleito
244,244,2024,2024-10-06,2611606,Jefferson Da Direita,PP,38,masculino,branca,Não foi eleito
245,245,2024,2024-10-06,2611606,Jefferson Ordinário,DC,23,masculino,parda,Não foi eleito
246,246,2024,2024-10-06,2611606,Jerry Pagodinho,MOBILIZA,58,masculino,parda,Não foi eleito
247,247,2024,2024-10-06,2611606,Joao Paulo Lustosa,NOVO,42,masculino,parda,Não foi eleito
248,248,2024,2024-10-06,2611606,Joel Do Povo,DC,34,masculino,preta,Não foi eleito
249,249,2024,2024-10-06,2611606,Joelma Andrade,PSOL,42,feminino,preta,Não foi eleito
250,250,2024,2024-10-06,2611606,Joice Do Entra Apulso,DC,48,feminino,preta,Não foi eleito
251,251,2024,2024-10-06,2611606,Jonatas Rosendo,PSDB,43,masculino,parda,Não foi eleito
252,252,2024,2024-10-06,2611606,Jorge Enfermeiro,PSD,64,masculino,parda,Não foi eleito
253,253,2024,2024-10-06,2611606,Jorge Parafina,PL,62,masculino,branca,Não foi eleito
254,254,2024,2024-10-06,2611606,Josafa Alabastro,MOBILIZA,64,masculino,preta,Não foi eleito
255,255,2024,2024-10-06,2611606,Joselito Ferreira,PSB,58,masculino,branca,Não foi eleito
256,256,2024,2024-10-06,2611606,Josemi Simões,PSB,59,masculino,parda,Não foi eleito
257,257,2024,2024-10-06,2611606,Josenildo Teixeira,DC,44,masculino,parda,Não foi eleito
258,258,2024,2024-10-06,2611606,Josiane Da Saúde,REPUBLICANOS,43,feminino,branca,Não foi eleito
259,259,2024,2024-10-06,2611606,Josuel Do Espirito Santo,PT,34,masculino,parda,Não foi eleito
260,260,2024,2024-10-06,2611606,Josué Augusto,PL,66,masculino,parda,Não foi eleito
261,261,2024,2024-10-06,2611606,Josy Barbosa,PT,43,feminino,parda,Não foi eleito
262,262,2024,2024-10-06,2611606,José Carlos Corredor,PP,72,masculino,parda,Não foi eleito
263,263,2024,2024-10-06,2611606,José Da Silva,PCO,42,masculino,branca,Não foi eleito
264,264,2024,2024-10-06,2611606,João Carlos Baiano,DC,65,masculino,branca,Não foi eleito
265,265,2024,2024-10-06,2611606,João Da Costa,PT,64,masculino,branca,Não foi eleito
266,266,2024,2024-10-06,2611606,João De Deus,AVANTE,70,masculino,parda,Não foi eleito
267,267,2024,2024-10-06,2611606,João Moraes,PP,62,masculino,branca,Não foi eleito
268,268,2024,2024-10-06,2611606,Juliana Enfermeira,SOLIDARIEDADE,41,feminino,parda,Não foi eleito
269,269,2024,2024-10-06,2611606,Junior Bocão,PSD,53,masculino,preta,Não foi eleito
270,270,2024,2024-10-06,2611606,Junior Pirro,DC,65,masculino,branca,Não foi eleito
271,271,2024,2024-10-06,2611606,Jô Cavalcanti,PSOL,42,feminino,preta,Eleito
272,272,2024,2024-10-06,2611606,Júnior De Cleto,PSB,45,masculino,branca,Não foi eleito
273,273,2024,2024-10-06,2611606,Júnior Di Bria,PSB,35,masculino,parda,Não foi eleito
274,274,2024,2024-10-06,2611606,Kal Ferreira,PSB,53,feminino,parda,Não foi eleito
275,275,2024,2024-10-06,2611606,Kari Santos,PT,32,feminino,branca,Eleito
276,276,2024,2024-10-06,2611606,Karla Sanfoneira,PP,47,feminino,parda,Não foi eleito
277,277,2024,2024-10-06,2611606,Lala Renovada,REDE,45,feminino,parda,Não foi eleito
278,278,2024,2024-10-06,2611606,Larissa Caló,CIDADANIA,38,feminino,branca,Não foi eleito
279,279,2024,2024-10-06,2611606,Leandro Silva,PRD,42,masculino,branca,Não foi eleito
280,280,2024,2024-10-06,2611606,Leandro Tenório,PV,43,masculino,parda,Não foi eleito
281,281,2024,2024-10-06,2611606,Lelinho Martins,REPUBLICANOS,43,masculino,parda,Não foi eleito
282,282,2024,2024-10-06,2611606,Leo Cabeça,PRD,46,masculino,parda,Não foi eleito
283,283,2024,2024-10-06,2611606,Leo Frete,MDB,48,masculino,branca,Não foi eleito
284,284,2024,2024-10-06,2611606,Leopoldina Silvestre,REDE,52,feminino,branca,Não foi eleito
285,285,2024,2024-10-06,2611606,Levi De Eclésio,PP,56,masculino,parda,Não foi eleito
286,286,2024,2024-10-06,2611606,Liana Cirne,PT,53,feminino,branca,Eleito
287,287,2024,2024-10-06,2611606,Lila Medeiros,NOVO,50,feminino,branca,Não foi eleito
288,288,2024,2024-10-06,2611606,Lili Do Caldinho,PRD,38,feminino,parda,Não foi eleito
289,289,2024,2024-10-06,2611606,Lito Do Ibura,PL,38,masculino,preta,Não foi eleito
290,290,2024,2024-10-06,2611606,Lu Do Pru,REDE,39,feminino,parda,Não foi eleito
291,291,2024,2024-10-06,2611606,Luana Consegue,PSOL,26,feminino,preta,Não foi eleito
292,292,2024,2024-10-06,2611606,Lucas Junior,MOBILIZA,44,masculino,parda,Não foi eleito
293,293,2024,2024-10-06,2611606,Lucas Recife,PV,30,masculino,branca,Não foi eleito
294,294,2024,2024-10-06,2611606,Lucia Das Comidinhas,MOBILIZA,63,feminino,parda,Não foi eleito
295,295,2024,2024-10-06,2611606,Luciano Brito,MOBILIZA,64,masculino,parda,Não foi eleito
296,296,2024,2024-10-06,2611606,Luciano Oliveira Recife,DC,53,masculino,branca,Não foi eleito
297,297,2024,2024-10-06,2611606,Luiz Carlos,NOVO,57,masculino,parda,Não foi eleito
298,298,2024,2024-10-06,2611606,Luiz Eustaquio,PSB,63,masculino,preta,Não foi eleito
299,299,2024,2024-10-06,2611606,Maciel Flores,PP,52,masculino,branca,Não foi eleito
300,300,2024,2024-10-06,2611606,Madeira,DC,68,masculino,parda,Não foi eleito
301,301,2024,2024-10-06,2611606,Maestro Gil Juntospelacultura,PT,54,masculino,branca,Não foi eleito
302,302,2024,2024-10-06,2611606,Maguari,PP,71,masculino,branca,Não foi eleito
303,303,2024,2024-10-06,2611606,Mara Tea Da Inclusao,REPUBLICANOS,38,feminino,branca,Não foi eleito
304,304,2024,2024-10-06,2611606,Marcelo Da Cooperativa,REPUBLICANOS,54,masculino,parda,Não foi eleito
305,305,2024,2024-10-06,2611606,Marcelo Marcelinho,MDB,43,masculino,preta,Não foi eleito
306,306,2024,2024-10-06,2611606,Marcelo Rodrigues,PSD,40,masculino,preta,Não foi eleito
307,307,2024,2024-10-06,2611606,Marcelo Sobral A Força Do Povo,MDB,47,masculino,preta,Não foi eleito
308,308,2024,2024-10-06,2611606,Marcelus Ugiette,PRD,64,masculino,branca,Não foi eleito
309,309,2024,2024-10-06,2611606,Marcia Maia,PL,59,feminino,branca,Não foi eleito
310,310,2024,2024-10-06,2611606,Marco Aurélio Filho ,PV,35,masculino,branca,Não foi eleito
311,311,2024,2024-10-06,2611606,Marco Será,PL,51,masculino,parda,Não foi eleito
312,312,2024,2024-10-06,2611606,Marco Smoke,AVANTE,59,masculino,parda,Não foi eleito
313,313,2024,2024-10-06,2611606,Marcos Justino,PRD,64,masculino,parda,Não foi eleito
314,314,2024,2024-10-06,2611606,Marcos Petts,DC,67,masculino,parda,Não foi eleito
315,315,2024,2024-10-06,2611606,Marcão Do Povo,MDB,50,masculino,parda,Não foi eleito
316,316,2024,2024-10-06,2611606,Maria Do Céu,PSB,58,feminino,branca,Não foi eleito
317,317,2024,2024-10-06,2611606,Maria Flor,PRD,64,feminino,preta,Não foi eleito
318,318,2024,2024-10-06,2611606,Maria Pagodinho,PC do B,64,feminino,parda,Não foi eleito
319,319,2024,2024-10-06,2611606,Marilene Santos,PSOL,48,feminino,preta,Não foi eleito
320,320,2024,2024-10-06,2611606,Marina Souza,MDB,40,feminino,parda,Não foi eleito
321,321,2024,2024-10-06,2611606,Mario Brasiliano,NOVO,44,masculino,preta,Não foi eleito
322,322,2024,2024-10-06,2611606,Mario Clementino,MOBILIZA,59,masculino,parda,Não foi eleito
323,323,2024,2024-10-06,2611606,Mario Pinheiro,AVANTE,68,masculino,parda,Não foi eleito
324,324,2024,2024-10-06,2611606,Marlon Henrique,PSD,38,masculino,preta,Não foi eleito
325,325,2024,2024-10-06,2611606,Marlon Vieira De Melo,DC,57,masculino,branca,Não foi eleito
326,326,2024,2024-10-06,2611606,Mary Da Saúde,PRD,57,feminino,preta,Não foi eleito
327,327,2024,2024-10-06,2611606,Mattheus Araujo,NOVO,29,masculino,parda,Não foi eleito
328,328,2024,2024-10-06,2611606,Maxmilian Costa,NOVO,44,masculino,parda,Não foi eleito
329,329,2024,2024-10-06,2611606,Mecinho Da Pizzaria,REPUBLICANOS,46,masculino,branca,Não foi eleito
330,330,2024,2024-10-06,2611606,Mestre Nilton Santos,AVANTE,61,masculino,parda,Não foi eleito
331,331,2024,2024-10-06,2611606,Mi,REPUBLICANOS,46,masculino,amarela,Não foi eleito
332,332,2024,2024-10-06,2611606,Mila Do Mercado,AVANTE,46,feminino,parda,Não foi eleito
333,333,2024,2024-10-06,2611606,Missionária Adriana,DC,51,feminino,parda,Não foi eleito
334,334,2024,2024-10-06,2611606,Missionária Mayara,MOBILIZA,27,feminino,preta,Não foi eleito
335,335,2024,2024-10-06,2611606,Missionária Rosana Lima,REPUBLICANOS,44,feminino,branca,Não foi eleito
336,336,2024,2024-10-06,2611606,Missionário Evaristo Filho,PSD,57,masculino,parda,Não foi eleito
337,337,2024,2024-10-06,2611606,Missionário Saulo Ataíde,PL,32,masculino,parda,Não foi eleito
338,338,2024,2024-10-06,2611606,Mizael Trindade,PSDB,58,masculino,parda,Não foi eleito
339,339,2024,2024-10-06,2611606,Murilo,MDB,64,masculino,branca,Não foi eleito
340,340,2024,2024-10-06,2611606,Murilo Vieira,PRD,58,masculino,parda,Não foi eleito
341,341,2024,2024-10-06,2611606,Mércia De Malaquias,PL,48,feminino,parda,Não foi eleito
342,342,2024,2024-10-06,2611606,Nadelson Leite,MOBILIZA,56,masculino,branca,Não foi eleito
343,343,2024,2024-10-06,2611606,Nadilene Ribeiro,REPUBLICANOS,55,feminino,,Não foi eleito
344,344,2024,2024-10-06,2611606,Natalia De Menudo,PSB,32,feminino,branca,Não foi eleito
345,345,2024,2024-10-06,2611606,Nazaré Silva,PRD,46,feminino,branca,Não foi eleito
346,346,2024,2024-10-06,2611606,Neguete Do Povo,MDB,39,masculino,preta,Não foi eleito
347,347,2024,2024-10-06,2611606,Negão De Nair,PC do B,45,masculino,preta,Não foi eleito
348,348,2024,2024-10-06,2611606,Neide Da Saúde,PSD,43,feminino,branca,Não foi eleito
349,349,2024,2024-10-06,2611606,Nelsinho,REPUBLICANOS,57,masculino,preta,Não foi eleito
350,350,2024,2024-10-06,2611606,Nelson Monteiro ,MOBILIZA,40,masculino,branca,Não foi eleito
351,351,2024,2024-10-06,2611606,Nen Do Coque,REPUBLICANOS,46,masculino,parda,Não foi eleito
352,352,2024,2024-10-06,2611606,Netinho Eurico,PL,29,masculino,branca,Não foi eleito
353,353,2024,2024-10-06,2611606,Neto Da Saúde,REPUBLICANOS,35,masculino,parda,Não foi eleito
354,354,2024,2024-10-06,2611606,Neto Guerreiro,MDB,59,masculino,branca,Não foi eleito
355,355,2024,2024-10-06,2611606,Ni Queiroga,PSDB,30,feminino,branca,Não foi eleito
356,356,2024,2024-10-06,2611606,Nicinha Da Ur Dez,DC,60,feminino,preta,Não foi eleito
357,357,2024,2024-10-06,2611606,Nildo Regente,MOBILIZA,61,masculino,branca,Não foi eleito
358,358,2024,2024-10-06,2611606,Nilson Pereira,PL,56,masculino,branca,Não foi eleito
359,359,2024,2024-10-06,2611606,Ninho Arypeter,MDB,43,masculino,parda,Não foi eleito
360,360,2024,2024-10-06,2611606,Nise Santos,PSOL,42,feminino,preta,Não foi eleito
361,361,2024,2024-10-06,2611606,Nivaldo Lopes,PSDB,64,masculino,parda,Não foi eleito
362,362,2024,2024-10-06,2611606,Ofélia Do Mlb,UP,49,feminino,parda,Não foi eleito
363,363,2024,2024-10-06,2611606,Osmar Ricardo,PT,58,masculino,branca,Eleito
364,364,2024,2024-10-06,2611606,Osvaldo Cavalcante,PSDB,60,masculino,branca,Não foi eleito
365,365,2024,2024-10-06,2611606,Ozeias Paulo,REPUBLICANOS,40,masculino,branca,Não foi eleito
366,366,2024,2024-10-06,2611606,Paraiba Cell,AVANTE,42,masculino,parda,Não foi eleito
367,367,2024,2024-10-06,2611606,Pastor Carlos André,PSD,44,masculino,parda,Não foi eleito
368,368,2024,2024-10-06,2611606,Pastor Geferson Silva,REPUBLICANOS,44,masculino,branca,Não foi eleito
369,369,2024,2024-10-06,2611606,Pastor Jefferson,AVANTE,39,masculino,parda,Não foi eleito
370,370,2024,2024-10-06,2611606,Pastora Ericka,PSD,39,feminino,parda,Não foi eleito
371,371,2024,2024-10-06,2611606,Pastora Flávia Santos,PL,43,feminino,branca,Não foi eleito
372,372,2024,2024-10-06,2611606,Patricia Diniz,AVANTE,51,feminino,branca,Não foi eleito
373,373,2024,2024-10-06,2611606,Patricia Eugenia,PRD,38,feminino,preta,Não foi eleito
374,374,2024,2024-10-06,2611606,Paula Alves,NOVO,36,feminino,parda,Não foi eleito
375,375,2024,2024-10-06,2611606,Paulo Abou Hana,PL,58,masculino,parda,Não foi eleito
376,376,2024,2024-10-06,2611606,Paulo Belence,NOVO,70,masculino,parda,Não foi eleito
377,377,2024,2024-10-06,2611606,Paulo Muniz,PL,47,masculino,branca,Eleito
378,378,2024,2024-10-06,2611606,Paulo Neto Da Saúde,REPUBLICANOS,38,masculino,preta,Não foi eleito
379,379,2024,2024-10-06,2611606,Paulo Neves,AVANTE,40,masculino,branca,Não foi eleito
380,380,2024,2024-10-06,2611606,Pb. Emanoel Estanislau,PP,34,masculino,parda,Não foi eleito
381,381,2024,2024-10-06,2611606,Pelé Da Bomba,REPUBLICANOS,36,masculino,preta,Não foi eleito
382,382,2024,2024-10-06,2611606,Pelé De Deus,PSDB,52,masculino,preta,Não foi eleito
383,383,2024,2024-10-06,2611606,Perita Sandra Santos,PV,54,feminino,preta,Não foi eleito
384,384,2024,2024-10-06,2611606,Podóloga Eli Arôcha,DC,44,feminino,branca,Não foi eleito
385,385,2024,2024-10-06,2611606,Polly Da Amar,REDE,45,feminino,branca,Não foi eleito
386,386,2024,2024-10-06,2611606,Preto Monte,PSOL,24,masculino,preta,Não foi eleito
387,387,2024,2024-10-06,2611606,Priscila Ferraz,PSB,45,feminino,parda,Não foi eleito
388,388,2024,2024-10-06,2611606,Prof Joaquim,CIDADANIA,72,masculino,branca,Não foi eleito
389,389,2024,2024-10-06,2611606,Professor Adelmo Madson,NOVO,37,masculino,parda,Não foi eleito
390,390,2024,2024-10-06,2611606,Professor Adelson Do Morro,MOBILIZA,55,masculino,preta,Não foi eleito
391,391,2024,2024-10-06,2611606,Professor Erivelte,PRD,46,masculino,preta,Não foi eleito
392,392,2024,2024-10-06,2611606,Professor Jairo Britto,PT,64,masculino,branca,Não foi eleito
393,393,2024,2024-10-06,2611606,Professor Mirinho,MDB,47,masculino,branca,Não foi eleito
394,394,2024,2024-10-06,2611606,Professor Thiago,PSD,41,masculino,parda,Não foi eleito
395,395,2024,2024-10-06,2611606,Professor Zé Luís,PSB,52,masculino,branca,Não foi eleito
396,396,2024,2024-10-06,2611606,Professora Ada Helena,PSB,51,feminino,branca,Não foi eleito
397,397,2024,2024-10-06,2611606,Professora Ana Lúcia,REPUBLICANOS,53,feminino,branca,Eleito
398,398,2024,2024-10-06,2611606,Professora Elaine,DC,65,feminino,branca,Não foi eleito
399,399,2024,2024-10-06,2611606,Professora Lu Melo,MDB,55,feminino,parda,Não foi eleito
400,400,2024,2024-10-06,2611606,Professora Neuza,REPUBLICANOS,58,feminino,preta,Não foi eleito
401,401,2024,2024-10-06,2611606,Psicologo Henrique Melo,PRD,59,masculino,preta,Não foi eleito
402,402,2024,2024-10-06,2611606,Queiroga,AVANTE,58,masculino,parda,Não foi eleito
403,403,2024,2024-10-06,2611606,Rafa Lima,PRD,45,masculino,parda,Não foi eleito
404,404,2024,2024-10-06,2611606,Rafael Nunes,MOBILIZA,42,masculino,branca,Não foi eleito
405,405,2024,2024-10-06,2611606,Rafaella Rafael,MDB,48,feminino,amarela,Não foi eleito
406,406,2024,2024-10-06,2611606,Raimundo Aguiar,PSOL,64,masculino,preta,Não foi eleito
407,407,2024,2024-10-06,2611606,Raissa Isabelly,PSDB,36,feminino,parda,Não foi eleito
408,408,2024,2024-10-06,2611606,Rayane Gondim,MDB,34,feminino,branca,Não foi eleito
409,409,2024,2024-10-06,2611606,Red Da Farmácia,AVANTE,43,masculino,preta,Não foi eleito
410,410,2024,2024-10-06,2611606,Renan Nunes,PT,37,masculino,branca,Não foi eleito
411,411,2024,2024-10-06,2611606,Renata Lima,PP,41,feminino,parda,Não foi eleito
412,412,2024,2024-10-06,2611606,Renê,PV,47,masculino,branca,Não foi eleito
413,413,2024,2024-10-06,2611606,Resistência Autista,PSOL,40,feminino,branca,Não foi eleito
414,414,2024,2024-10-06,2611606,Rhayssa Alves,CIDADANIA,31,feminino,parda,Não foi eleito
415,415,2024,2024-10-06,2611606,Ricardo Cruz Castramóvel,AVANTE,55,masculino,branca,Não foi eleito
416,416,2024,2024-10-06,2611606,Ricardo Das Neves,DC,90,masculino,parda,Não foi eleito
417,417,2024,2024-10-06,2611606,Ricardo Gadelha,REDE,40,masculino,branca,Não foi eleito
418,418,2024,2024-10-06,2611606,Ricardo Radiador,MDB,43,masculino,branca,Não foi eleito
419,419,2024,2024-10-06,2611606,Richardson,REDE,43,masculino,parda,Não foi eleito
420,420,2024,2024-10-06,2611606,Rinaldo Junior,PSB,42,masculino,preta,Não foi eleito
421,421,2024,2024-10-06,2611606,Robeilton Lira,PSDB,45,masculino,branca,Não foi eleito
422,422,2024,2024-10-06,2611606,Roberia Pincho,MOBILIZA,56,feminino,branca,Não foi eleito
423,423,2024,2024-10-06,2611606,Roberta Rita,PCO,57,feminino,branca,Não foi eleito
424,424,2024,2024-10-06,2611606,Robinho Da Autoescola,REPUBLICANOS,52,masculino,branca,Não foi eleito
425,425,2024,2024-10-06,2611606,Robson Lucena ,MOBILIZA,68,masculino,branca,Não foi eleito
426,426,2024,2024-10-06,2611606,Rodrigo Coutinho,REPUBLICANOS,31,masculino,branca,Eleito
427,427,2024,2024-10-06,2611606,Rodrigo Gomes,PL,48,masculino,parda,Não foi eleito
428,428,2024,2024-10-06,2611606,Rodrigo Patriota,PP,48,masculino,branca,Não foi eleito
429,429,2024,2024-10-06,2611606,Rogerio Veloso,PRD,47,masculino,parda,Não foi eleito
430,430,2024,2024-10-06,2611606,Rogério Leite,PV,59,masculino,branca,Não foi eleito
431,431,2024,2024-10-06,2611606,Romerinho Jatobá,PSB,38,masculino,branca,Eleito
432,432,2024,2024-10-06,2611606,Romero Cordeiro Filho Do Morro,REPUBLICANOS,38,masculino,parda,Não foi eleito
433,433,2024,2024-10-06,2611606,Romero Futevôlei,PP,28,masculino,parda,Não foi eleito
434,434,2024,2024-10-06,2611606,Ronaldinho,MOBILIZA,70,masculino,branca,Não foi eleito
435,435,2024,2024-10-06,2611606,Ronaldo Lopes,PP,38,masculino,parda,Não foi eleito
436,436,2024,2024-10-06,2611606,Rosana Galvão,PL,61,feminino,branca,Não foi eleito
437,437,2024,2024-10-06,2611606,Rosimery Enfermeira,PL,60,feminino,branca,Não foi eleito
438,438,2024,2024-10-06,2611606,Rosinha De Carlos Rodolfo,PSD,57,feminino,parda,Não foi eleito
439,439,2024,2024-10-06,2611606,Rozita Verlúcia,PSDB,53,feminino,parda,Não foi eleito
440,440,2024,2024-10-06,2611606,Rui,REDE,53,masculino,branca,Não foi eleito
441,441,2024,2024-10-06,2611606,Rui Claudio,PL,72,masculino,parda,Não foi eleito
442,442,2024,2024-10-06,2611606,Samuel Ferreira,AVANTE,44,masculino,parda,Não foi eleito
443,443,2024,2024-10-06,2611606,Samuel Salazar,MDB,40,masculino,branca,Eleito
444,444,2024,2024-10-06,2611606,Sancler,DC,54,masculino,parda,Não foi eleito
445,445,2024,2024-10-06,2611606,Sara Braga,DC,33,feminino,branca,Não foi eleito
446,446,2024,2024-10-06,2611606,Sargento Fortunato,DC,52,masculino,parda,Não foi eleito
447,447,2024,2024-10-06,2611606,Severino Motoboy,PSOL,47,masculino,parda,Não foi eleito
448,448,2024,2024-10-06,2611606,Severino Toque De Carinho,MOBILIZA,67,masculino,branca,Não foi eleito
449,449,2024,2024-10-06,2611606,Shertyanne Ferreira,PRD,44,feminino,parda,Não foi eleito
450,450,2024,2024-10-06,2611606,Shirley Wanessa,PSD,43,feminino,parda,Não foi eleito
451,451,2024,2024-10-06,2611606,Sidney Edipo,PL,37,masculino,parda,Não foi eleito
452,452,2024,2024-10-06,2611606,Silvia Guaraná,PP,25,feminino,parda,Não foi eleito
453,453,2024,2024-10-06,2611606,Silvio Ricardo,PRD,64,masculino,parda,Não foi eleito
454,454,2024,2024-10-06,2611606,Soares Protetico,MOBILIZA,54,masculino,parda,Não foi eleito
455,455,2024,2024-10-06,2611606,Ste Vilela,PSB,32,feminino,preta,Não foi eleito
456,456,2024,2024-10-06,2611606,Sub Elias,PL,60,masculino,parda,Não foi eleito
457,457,2024,2024-10-06,2611606,Sub Oficial Santiago,PL,58,masculino,branca,Não foi eleito
458,458,2024,2024-10-06,2611606,Suetônio,PT,48,masculino,parda,Não foi eleito
459,459,2024,2024-10-06,2611606,Suhellen Oliveira,PP,42,feminino,branca,Não foi eleito
460,460,2024,2024-10-06,2611606,Suzi Rodrigues,PT,61,feminino,preta,Não foi eleito
461,461,2024,2024-10-06,2611606,Sávio Rodrigues,PSD,23,masculino,parda,Não foi eleito
462,462,2024,2024-10-06,2611606,Tadeu Calheiros,MDB,49,masculino,branca,Eleito
463,463,2024,2024-10-06,2611606,Tadinho João,PSB,47,masculino,preta,Não foi eleito
464,464,2024,2024-10-06,2611606,Tania Mae De João,AVANTE,60,feminino,parda,Não foi eleito
465,465,2024,2024-10-06,2611606,Tarciana,DC,50,feminino,parda,Não foi eleito
466,466,2024,2024-10-06,2611606,Tarcis,PRD,39,masculino,branca,Não foi eleito
467,467,2024,2024-10-06,2611606,Tenente Rogerio Magalhaes,PL,46,masculino,branca,Não foi eleito
468,468,2024,2024-10-06,2611606,Thalles Cherles,REPUBLICANOS,50,masculino,branca,Não foi eleito
469,469,2024,2024-10-06,2611606,Thiago Botinha,PV,43,masculino,parda,Não foi eleito
470,470,2024,2024-10-06,2611606,Thiago Da Água,PP,33,masculino,parda,Não foi eleito
471,471,2024,2024-10-06,2611606,Thiago Medina,PL,21,masculino,branca,Eleito
472,472,2024,2024-10-06,2611606,Thiaguinho Filho Do Jordão,REPUBLICANOS,39,masculino,parda,Não foi eleito
473,473,2024,2024-10-06,2611606,Thyago Do Inocoop,REDE,39,masculino,preta,Não foi eleito
474,474,2024,2024-10-06,2611606,Tiago Silva,PSOL,33,masculino,branca,Não foi eleito
475,475,2024,2024-10-06,2611606,Tio Glauber Telecom,DC,51,masculino,branca,Não foi eleito
476,476,2024,2024-10-06,2611606,Tio Iggor,REPUBLICANOS,36,masculino,parda,Não foi eleito
477,477,2024,2024-10-06,2611606,Tio Marcos Vieira,PP,55,masculino,parda,Não foi eleito
478,478,2024,2024-10-06,2611606,Tiêta Do Agreste,PRD,60,feminino,parda,Não foi eleito
479,479,2024,2024-10-06,2611606,Toinho Da União,PP,57,masculino,parda,Não foi eleito
480,480,2024,2024-10-06,2611606,Toinho Da Água,PSDB,52,masculino,parda,Não foi eleito
481,481,2024,2024-10-06,2611606,Toinho De Casa Amarela,PSDB,70,masculino,branca,Não foi eleito
482,482,2024,2024-10-06,2611606,Tomas Do Mst,PT,32,masculino,parda,Não foi eleito
483,483,2024,2024-10-06,2611606,Uilder Lima,PSOL,39,masculino,preta,Não foi eleito
484,484,2024,2024-10-06,2611606,Unidos Com Edilson Do Metro,PP,60,masculino,preta,Não foi eleito
485,485,2024,2024-10-06,2611606,Valdir Palhaço,CIDADANIA,58,masculino,branca,Não foi eleito
486,486,2024,2024-10-06,2611606,Valéria Felix,PSTU,62,feminino,preta,Não foi eleito
487,487,2024,2024-10-06,2611606,Vanio Silva,PSB,48,masculino,parda,Não foi eleito
488,488,2024,2024-10-06,2611606,Vem Com Elvis,PSB,29,masculino,parda,Não foi eleito
489,489,2024,2024-10-06,2611606,Vevé,PP,47,masculino,parda,Não foi eleito
490,490,2024,2024-10-06,2611606,Victor André Gomes,PV,35,masculino,branca,Não foi eleito
491,491,2024,2024-10-06,2611606,Victor Souza,PSOL,37,masculino,parda,Não foi eleito
492,492,2024,2024-10-06,2611606,Victor Torres,PSD,36,masculino,branca,Não foi eleito
493,493,2024,2024-10-06,2611606,Vilma Ferreira,MOBILIZA,53,feminino,parda,Não foi eleito
494,494,2024,2024-10-06,2611606,Virgínia Fotos,PP,41,feminino,parda,Não foi eleito
495,495,2024,2024-10-06,2611606,Vivi,PP,39,feminino,parda,Não foi eleito
496,496,2024,2024-10-06,2611606,Walber Santos,PSD,60,masculino,parda,Não foi eleito
497,497,2024,2024-10-06,2611606,Walter Reis,REPUBLICANOS,37,masculino,branca,Não foi eleito
498,498,2024,2024-10-06,2611606,Waltinho Do Bongi,PP,46,masculino,parda,Não foi eleito
499,499,2024,2024-10-06,2611606,Wandrizy De Manoel Messias,REPUBLICANOS,26,feminino,branca,Não foi eleito
500,500,2024,2024-10-06,2611606,Wedson Ttk,DC,40,masculino,parda,Não foi eleito
501,501,2024,2024-10-06,2611606,Weldjane Mary,PSOL,43,feminino,parda,Não foi eleito
502,502,2024,2024-10-06,2611606,Wellington Boite,AVANTE,50,masculino,preta,Não foi eleito
503,503,2024,2024-10-06,2611606,Wellington E Carlos Marcenaria,PSB,63,masculino,branca,Não foi eleito
504,504,2024,2024-10-06,2611606,Wellington José,PSDB,50,masculino,parda,Não foi eleito
505,505,2024,2024-10-06,2611606,Wendel Felix,PP,45,masculino,preta,Não foi eleito
506,506,2024,2024-10-06,2611606,Wendel Luiz,NOVO,18,masculino,parda,Não foi eleito
507,507,2024,2024-10-06,2611606,William Soares,PP,25,masculino,branca,Não foi eleito
508,508,2024,2024-10-06,2611606,Wilson Lapa,MDB,65,masculino,parda,Não foi eleito
509,509,2024,2024-10-06,2611606,Wilton Brito,PSB,66,masculino,branca,Eleito
510,510,2024,2024-10-06,2611606,Wokymon Da Saúde,PC do B,47,masculino,branca,Não foi eleito
511,511,2024,2024-10-06,2611606,Xandy Aliança Justiça Social,PV,52,masculino,preta,Não foi eleito
512,512,2024,2024-10-06,2611606,Xênia,DC,41,feminino,preta,Não foi eleito
513,513,2024,2024-10-06,2611606,Yasmim Alves,PSOL,28,feminino,parda,Não foi eleito
514,514,2024,2024-10-06,2611606,Zeca Do Tempero,DC,72,masculino,parda,Não foi eleito
515,515,2024,2024-10-06,2611606,Zelia Moura,NOVO,64,feminino,branca,Não foi eleito
516,516,2024,2024-10-06,2611606,Zé Neto,PSB,43,masculino,branca,Eleito
517,517,2024,2024-10-06,2611606,Álvaro Filho,PRD,70,masculino,parda,Não foi eleito
518,518,2024,2024-10-06,2611606,Ítalo Vinícius,PSOL,25,masculino,preta,Não foi eleito
